{"cameraMode":{"drawMode":0,"name":"Shaded","section":"Shading Mode"},"sceneLighting":false,"audioPlay":false,"sceneViewState":{"showFog":true,"showMaterialUpdate":false,"showSkybox":true,"showFlares":true,"showImageEffects":true,"showParticleSystems":true},"in2DMode":false,"pivot":{"x":8.71560001373291,"y":-11.003030776977539,"z":28.04464340209961},"rotation":{"x":-0.23365217447280885,"y":0.15153194963932038,"z":-0.0368911474943161,"w":-0.959732711315155},"size":44.49805450439453,"orthographic":false}